[
  {
    "title": "raw_count",
    "metric": "count_sum",
    "total_tokens": 199188,
    "unique_tokens": 7625,
    "most_common": [
      [
        "rt",
        7568
      ],
      [
        "the",
        5957
      ],
      [
        "bitcoin",
        5317
      ],
      [
        "to",
        4520
      ],
      [
        "a",
        3549
      ],
      [
        "is",
        3223
      ],
      [
        "and",
        2872
      ],
      [
        "in",
        2651
      ],
      [
        "for",
        2547
      ],
      [
        "of",
        2467
      ]
    ],
    "least_common": [
      [
        "kitco",
        1
      ],
      [
        "kinzcash",
        1
      ],
      [
        "kiosks",
        1
      ],
      [
        "\u0430",
        1
      ],
      [
        "kmfbhmtp",
        1
      ],
      [
        "kmlegalnet",
        1
      ],
      [
        "knock",
        1
      ],
      [
        "knowing",
        1
      ],
      [
        "knowled",
        1
      ],
      [
        "koala",
        1
      ]
    ]
  },
  {
    "title": "raw_tfidf",
    "metric": "tfidf_sum",
    "total_tokens": 48618.13072500949,
    "unique_tokens": 7625,
    "most_common": [
      [
        "rt",
        671.6295859734485
      ],
      [
        "the",
        617.1675132526248
      ],
      [
        "bitcoin",
        616.3813881746376
      ],
      [
        "to",
        512.9300438913424
      ],
      [
        "is",
        466.41091130814965
      ],
      [
        "a",
        433.9104185329724
      ],
      [
        "for",
        379.3909441529931
      ],
      [
        "in",
        364.34260655130515
      ],
      [
        "and",
        364.1456541809585
      ],
      [
        "price",
        356.2260635408765
      ]
    ],
    "least_common": [
      [
        "legi",
        0.23500859109548325
      ],
      [
        "cbe",
        0.24266815626391638
      ],
      [
        "bccf",
        0.24266815626391638
      ],
      [
        "ced",
        0.24893396074850413
      ],
      [
        "ae",
        0.24893396074850413
      ],
      [
        "decimal",
        0.2555286916961867
      ],
      [
        "airtoken",
        0.2555286916961867
      ],
      [
        "contribute",
        0.2555286916961867
      ],
      [
        "simbol",
        0.2555286916961867
      ],
      [
        "manipulation",
        0.2643486674859733
      ]
    ]
  },
  {
    "title": "raw_w2v",
    "metric": "token_count",
    "total_tokens": 202997,
    "unique_tokens": 5305,
    "most_common": [
      [
        "rt",
        7568
      ],
      [
        "the",
        5908
      ],
      [
        "bitcoin",
        5302
      ],
      [
        "to",
        4495
      ],
      [
        "\u2026",
        3852
      ],
      [
        "a",
        3416
      ],
      [
        "is",
        3216
      ],
      [
        "and",
        2827
      ],
      [
        "in",
        2615
      ],
      [
        "for",
        2537
      ]
    ],
    "least_common": [
      [
        "retweetlike",
        2
      ],
      [
        "poma",
        2
      ],
      [
        "execution",
        2
      ],
      [
        "confirm",
        2
      ],
      [
        "equivalent",
        2
      ],
      [
        "publis\u2026",
        2
      ],
      [
        "specifications",
        2
      ],
      [
        "todaycrypto",
        2
      ],
      [
        "altseason",
        2
      ],
      [
        "ethereumxrp",
        2
      ]
    ]
  },
  {
    "title": "stem_count",
    "metric": "count_sum",
    "total_tokens": 199215,
    "unique_tokens": 8137,
    "most_common": [
      [
        "rt",
        7568
      ],
      [
        "the",
        5908
      ],
      [
        "bitcoin",
        5302
      ],
      [
        "to",
        4495
      ],
      [
        "a",
        3416
      ],
      [
        "is",
        3216
      ],
      [
        "and",
        2827
      ],
      [
        "in",
        2615
      ],
      [
        "for",
        2537
      ],
      [
        "of",
        2454
      ]
    ],
    "least_common": [
      [
        "\u2139",
        1
      ],
      [
        "reform",
        1
      ],
      [
        "reflects",
        1
      ],
      [
        "refilled",
        1
      ],
      [
        "reffered",
        1
      ],
      [
        "referring",
        1
      ],
      [
        "referrals",
        1
      ],
      [
        "ref",
        1
      ],
      [
        "engine",
        1
      ],
      [
        "engineer",
        1
      ]
    ]
  },
  {
    "title": "stem_tfidf",
    "metric": "tfidf_sum",
    "total_tokens": 48654.53778837462,
    "unique_tokens": 8137,
    "most_common": [
      [
        "rt",
        667.1418803614855
      ],
      [
        "bitcoin",
        611.7217454607833
      ],
      [
        "the",
        610.2019259514398
      ],
      [
        "to",
        507.53421182271836
      ],
      [
        "is",
        463.05344937955374
      ],
      [
        "a",
        420.7927546400438
      ],
      [
        "for",
        376.1233650505786
      ],
      [
        "in",
        358.3921929609298
      ],
      [
        "price",
        355.6577919390502
      ],
      [
        "and",
        355.65112820290966
      ]
    ],
    "least_common": [
      [
        "cbe",
        0.22925511982597316
      ],
      [
        "bccf",
        0.22925511982597316
      ],
      [
        "ae",
        0.23199214547046992
      ],
      [
        "ced",
        0.23199214547046992
      ],
      [
        "\u043b\u0435\u0433\u0438",
        0.23497152073305527
      ],
      [
        "fe",
        0.24740544119013086
      ],
      [
        "bb",
        0.24740544119013086
      ],
      [
        "cd",
        0.24740544119013086
      ],
      [
        "decimal",
        0.2543882960187218
      ],
      [
        "simbol",
        0.2543882960187218
      ]
    ]
  },
  {
    "title": "stem_w2v",
    "metric": "token_count",
    "total_tokens": 202997,
    "unique_tokens": 5305,
    "most_common": [
      [
        "rt",
        7568
      ],
      [
        "the",
        5908
      ],
      [
        "bitcoin",
        5302
      ],
      [
        "to",
        4495
      ],
      [
        "\u2026",
        3852
      ],
      [
        "a",
        3416
      ],
      [
        "is",
        3216
      ],
      [
        "and",
        2827
      ],
      [
        "in",
        2615
      ],
      [
        "for",
        2537
      ]
    ],
    "least_common": [
      [
        "retweetlike",
        2
      ],
      [
        "poma",
        2
      ],
      [
        "execution",
        2
      ],
      [
        "confirm",
        2
      ],
      [
        "equivalent",
        2
      ],
      [
        "\u043f\u0443\u0431\u043b\u0438\u0441\u2026",
        2
      ],
      [
        "specifications",
        2
      ],
      [
        "todaycrypto",
        2
      ],
      [
        "altseason",
        2
      ],
      [
        "ethereumxrp",
        2
      ]
    ]
  },
  {
    "title": "lemma_count",
    "metric": "count_sum",
    "total_tokens": 199219,
    "unique_tokens": 7624,
    "most_common": [
      [
        "rt",
        7568
      ],
      [
        "the",
        5957
      ],
      [
        "bitcoin",
        5317
      ],
      [
        "to",
        4520
      ],
      [
        "a",
        3549
      ],
      [
        "is",
        3223
      ],
      [
        "and",
        2872
      ],
      [
        "in",
        2651
      ],
      [
        "for",
        2547
      ],
      [
        "of",
        2467
      ]
    ],
    "least_common": [
      [
        "kitco",
        1
      ],
      [
        "kinzcash",
        1
      ],
      [
        "kiosks",
        1
      ],
      [
        "\u0430",
        1
      ],
      [
        "kmfbhmtp",
        1
      ],
      [
        "kmlegalnet",
        1
      ],
      [
        "knock",
        1
      ],
      [
        "knowing",
        1
      ],
      [
        "knowled",
        1
      ],
      [
        "koala",
        1
      ]
    ]
  },
  {
    "title": "lemma_tfidf",
    "metric": "tfidf_sum",
    "total_tokens": 48622.50330743086,
    "unique_tokens": 7624,
    "most_common": [
      [
        "rt",
        671.6388889719511
      ],
      [
        "the",
        617.1699862398295
      ],
      [
        "bitcoin",
        616.3449022154807
      ],
      [
        "to",
        512.889852278016
      ],
      [
        "is",
        466.3894893244769
      ],
      [
        "a",
        433.91053212542914
      ],
      [
        "for",
        379.36833476086235
      ],
      [
        "in",
        364.3433162403261
      ],
      [
        "and",
        364.1114436624223
      ],
      [
        "price",
        356.2096397140959
      ]
    ],
    "least_common": [
      [
        "legi",
        0.23500859109548325
      ],
      [
        "cbe",
        0.24266815626391638
      ],
      [
        "bccf",
        0.24266815626391638
      ],
      [
        "ced",
        0.24893396074850413
      ],
      [
        "ae",
        0.24893396074850413
      ],
      [
        "contribute",
        0.2555300846344337
      ],
      [
        "airtoken",
        0.2555300846344337
      ],
      [
        "decimal",
        0.2555300846344337
      ],
      [
        "simbol",
        0.2555300846344337
      ],
      [
        "manipulation",
        0.2643486674859733
      ]
    ]
  },
  {
    "title": "lemma_w2v",
    "metric": "token_count",
    "total_tokens": 202997,
    "unique_tokens": 5305,
    "most_common": [
      [
        "rt",
        7568
      ],
      [
        "the",
        5908
      ],
      [
        "bitcoin",
        5302
      ],
      [
        "to",
        4495
      ],
      [
        "\u2026",
        3852
      ],
      [
        "a",
        3416
      ],
      [
        "is",
        3216
      ],
      [
        "and",
        2827
      ],
      [
        "in",
        2615
      ],
      [
        "for",
        2537
      ]
    ],
    "least_common": [
      [
        "retweetlike",
        2
      ],
      [
        "poma",
        2
      ],
      [
        "execution",
        2
      ],
      [
        "confirm",
        2
      ],
      [
        "equivalent",
        2
      ],
      [
        "publis\u2026",
        2
      ],
      [
        "specifications",
        2
      ],
      [
        "todaycrypto",
        2
      ],
      [
        "altseason",
        2
      ],
      [
        "ethereumxrp",
        2
      ]
    ]
  }
]